incident_datetime,emergency_count,hour,day_of_week,month,previous_hour_demand,previous_24h_demand,target_next_hour
2026-06-20 19:00:00,233,19,5,6,238.0,101.0,244.0
2026-06-20 20:00:00,244,20,5,6,233.0,263.0,240.0
2026-06-20 21:00:00,240,21,5,6,244.0,238.0,220.0
2026-06-20 22:00:00,220,22,5,6,240.0,214.0,221.0
2026-06-20 23:00:00,221,23,5,6,220.0,192.0,194.0
2026-06-21 00:00:00,194,0,6,6,221.0,209.0,179.0
2026-06-21 01:00:00,179,1,6,6,194.0,161.0,164.0
2026-06-21 02:00:00,164,2,6,6,179.0,162.0,138.0
2026-06-21 03:00:00,138,3,6,6,164.0,136.0,110.0
2026-06-21 04:00:00,110,4,6,6,138.0,138.0,104.0
2026-06-21 05:00:00,104,5,6,6,110.0,126.0,124.0
2026-06-21 06:00:00,124,6,6,6,104.0,97.0,111.0
2026-06-21 07:00:00,111,7,6,6,124.0,103.0,134.0
2026-06-21 08:00:00,134,8,6,6,111.0,129.0,167.0
2026-06-21 09:00:00,167,9,6,6,134.0,165.0,187.0
2026-06-21 10:00:00,187,10,6,6,167.0,198.0,179.0
2026-06-21 11:00:00,179,11,6,6,187.0,191.0,211.0
2026-06-21 12:00:00,211,12,6,6,179.0,211.0,204.0
2026-06-21 13:00:00,204,13,6,6,211.0,221.0,203.0
2026-06-21 14:00:00,203,14,6,6,204.0,204.0,208.0
2026-06-21 15:00:00,208,15,6,6,203.0,234.0,223.0
2026-06-21 16:00:00,223,16,6,6,208.0,223.0,217.0
2026-06-21 17:00:00,217,17,6,6,223.0,207.0,261.0
2026-06-21 18:00:00,261,18,6,6,217.0,238.0,212.0
2026-06-21 19:00:00,212,19,6,6,261.0,233.0,255.0
2026-06-21 20:00:00,255,20,6,6,212.0,244.0,253.0
2026-06-21 21:00:00,253,21,6,6,255.0,240.0,216.0
2026-06-21 22:00:00,216,22,6,6,253.0,220.0,169.0
2026-06-21 23:00:00,169,23,6,6,216.0,221.0,150.0
2026-06-22 00:00:00,150,0,0,6,169.0,194.0,160.0
2026-06-22 01:00:00,160,1,0,6,150.0,179.0,133.0
2026-06-22 02:00:00,133,2,0,6,160.0,164.0,97.0
2026-06-22 03:00:00,97,3,0,6,133.0,138.0,92.0
2026-06-22 04:00:00,92,4,0,6,97.0,110.0,98.0
2026-06-22 05:00:00,98,5,0,6,92.0,104.0,94.0
2026-06-22 06:00:00,94,6,0,6,98.0,124.0,156.0
2026-06-22 07:00:00,156,7,0,6,94.0,111.0,177.0
2026-06-22 08:00:00,177,8,0,6,156.0,134.0,202.0
2026-06-22 09:00:00,202,9,0,6,177.0,167.0,206.0
2026-06-22 10:00:00,206,10,0,6,202.0,187.0,244.0
2026-06-22 11:00:00,244,11,0,6,206.0,179.0,246.0
2026-06-22 12:00:00,246,12,0,6,244.0,211.0,231.0
2026-06-22 13:00:00,231,13,0,6,246.0,204.0,222.0
2026-06-22 14:00:00,222,14,0,6,231.0,203.0,237.0
2026-06-22 15:00:00,237,15,0,6,222.0,208.0,255.0
2026-06-22 16:00:00,255,16,0,6,237.0,223.0,227.0
2026-06-22 17:00:00,227,17,0,6,255.0,217.0,207.0
2026-06-22 18:00:00,207,18,0,6,227.0,261.0,221.0
2026-06-22 19:00:00,221,19,0,6,207.0,212.0,187.0
2026-06-22 20:00:00,187,20,0,6,221.0,255.0,182.0
2026-06-22 21:00:00,182,21,0,6,187.0,253.0,145.0
2026-06-22 22:00:00,145,22,0,6,182.0,216.0,167.0
2026-06-22 23:00:00,167,23,0,6,145.0,169.0,160.0
2026-06-23 00:00:00,160,0,1,6,167.0,150.0,106.0
2026-06-23 01:00:00,106,1,1,6,160.0,160.0,90.0
2026-06-23 02:00:00,90,2,1,6,106.0,133.0,103.0
2026-06-23 03:00:00,103,3,1,6,90.0,97.0,77.0
2026-06-23 04:00:00,77,4,1,6,103.0,92.0,90.0
2026-06-23 05:00:00,90,5,1,6,77.0,98.0,110.0
2026-06-23 06:00:00,110,6,1,6,90.0,94.0,123.0
2026-06-23 07:00:00,123,7,1,6,110.0,156.0,173.0
2026-06-23 08:00:00,173,8,1,6,123.0,177.0,232.0
2026-06-23 09:00:00,232,9,1,6,173.0,202.0,211.0
2026-06-23 10:00:00,211,10,1,6,232.0,206.0,241.0
2026-06-23 11:00:00,241,11,1,6,211.0,244.0,216.0
2026-06-23 12:00:00,216,12,1,6,241.0,246.0,232.0
2026-06-23 13:00:00,232,13,1,6,216.0,231.0,210.0
2026-06-23 14:00:00,210,14,1,6,232.0,222.0,220.0
2026-06-23 15:00:00,220,15,1,6,210.0,237.0,239.0
2026-06-23 16:00:00,239,16,1,6,220.0,255.0,241.0
2026-06-23 17:00:00,241,17,1,6,239.0,227.0,221.0
2026-06-23 18:00:00,221,18,1,6,241.0,207.0,199.0
2026-06-23 19:00:00,199,19,1,6,221.0,221.0,190.0
2026-06-23 20:00:00,190,20,1,6,199.0,187.0,189.0
2026-06-23 21:00:00,189,21,1,6,190.0,182.0,187.0
2026-06-23 22:00:00,187,22,1,6,189.0,145.0,166.0
2026-06-23 23:00:00,166,23,1,6,187.0,167.0,158.0
2026-06-24 00:00:00,158,0,2,6,166.0,160.0,106.0
2026-06-24 01:00:00,106,1,2,6,158.0,106.0,102.0
2026-06-24 02:00:00,102,2,2,6,106.0,90.0,83.0
2026-06-24 03:00:00,83,3,2,6,102.0,103.0,76.0
2026-06-24 04:00:00,76,4,2,6,83.0,77.0,85.0
2026-06-24 05:00:00,85,5,2,6,76.0,90.0,101.0
2026-06-24 06:00:00,101,6,2,6,85.0,110.0,155.0
2026-06-24 07:00:00,155,7,2,6,101.0,123.0,146.0
2026-06-24 08:00:00,146,8,2,6,155.0,173.0,212.0
2026-06-24 09:00:00,212,9,2,6,146.0,232.0,242.0
2026-06-24 10:00:00,242,10,2,6,212.0,211.0,242.0
2026-06-24 11:00:00,242,11,2,6,242.0,241.0,253.0
2026-06-24 12:00:00,253,12,2,6,242.0,216.0,258.0
2026-06-24 13:00:00,258,13,2,6,253.0,232.0,238.0
2026-06-24 14:00:00,238,14,2,6,258.0,210.0,225.0
2026-06-24 15:00:00,225,15,2,6,238.0,220.0,242.0
2026-06-24 16:00:00,242,16,2,6,225.0,239.0,235.0
2026-06-24 17:00:00,235,17,2,6,242.0,241.0,281.0
2026-06-24 18:00:00,281,18,2,6,235.0,221.0,223.0
2026-06-24 19:00:00,223,19,2,6,281.0,199.0,210.0
2026-06-24 20:00:00,210,20,2,6,223.0,190.0,223.0
2026-06-24 21:00:00,223,21,2,6,210.0,189.0,214.0
2026-06-24 22:00:00,214,22,2,6,223.0,187.0,177.0
2026-06-24 23:00:00,177,23,2,6,214.0,166.0,163.0
2026-06-25 00:00:00,163,0,3,6,177.0,158.0,137.0
2026-06-25 01:00:00,137,1,3,6,163.0,106.0,128.0
2026-06-25 02:00:00,128,2,3,6,137.0,102.0,112.0
2026-06-25 03:00:00,112,3,3,6,128.0,83.0,101.0
2026-06-25 04:00:00,101,4,3,6,112.0,76.0,93.0
2026-06-25 05:00:00,93,5,3,6,101.0,85.0,106.0
2026-06-25 06:00:00,106,6,3,6,93.0,101.0,133.0
2026-06-25 07:00:00,133,7,3,6,106.0,155.0,190.0
2026-06-25 08:00:00,190,8,3,6,133.0,146.0,202.0
2026-06-25 09:00:00,202,9,3,6,190.0,212.0,241.0
2026-06-25 10:00:00,241,10,3,6,202.0,242.0,225.0
2026-06-25 11:00:00,225,11,3,6,241.0,242.0,256.0
2026-06-25 12:00:00,256,12,3,6,225.0,253.0,223.0
2026-06-25 13:00:00,223,13,3,6,256.0,258.0,251.0
2026-06-25 14:00:00,251,14,3,6,223.0,238.0,253.0
2026-06-25 15:00:00,253,15,3,6,251.0,225.0,235.0
2026-06-25 16:00:00,235,16,3,6,253.0,242.0,222.0
2026-06-25 17:00:00,222,17,3,6,235.0,235.0,235.0
2026-06-25 18:00:00,235,18,3,6,222.0,281.0,225.0
2026-06-25 19:00:00,225,19,3,6,235.0,223.0,217.0
2026-06-25 20:00:00,217,20,3,6,225.0,210.0,215.0
2026-06-25 21:00:00,215,21,3,6,217.0,223.0,203.0
2026-06-25 22:00:00,203,22,3,6,215.0,214.0,199.0
2026-06-25 23:00:00,199,23,3,6,203.0,177.0,138.0
2026-06-26 00:00:00,138,0,4,6,199.0,163.0,151.0
2026-06-26 01:00:00,151,1,4,6,138.0,137.0,113.0
2026-06-26 02:00:00,113,2,4,6,151.0,128.0,101.0
2026-06-26 03:00:00,101,3,4,6,113.0,112.0,102.0
2026-06-26 04:00:00,102,4,4,6,101.0,101.0,90.0
2026-06-26 05:00:00,90,5,4,6,102.0,93.0,98.0
2026-06-26 06:00:00,98,6,4,6,90.0,106.0,114.0
2026-06-26 07:00:00,114,7,4,6,98.0,133.0,167.0
2026-06-26 08:00:00,167,8,4,6,114.0,190.0,222.0
2026-06-26 09:00:00,222,9,4,6,167.0,202.0,193.0
2026-06-26 10:00:00,193,10,4,6,222.0,241.0,221.0
2026-06-26 11:00:00,221,11,4,6,193.0,225.0,238.0
2026-06-26 12:00:00,238,12,4,6,221.0,256.0,241.0
2026-06-26 13:00:00,241,13,4,6,238.0,223.0,267.0
2026-06-26 14:00:00,267,14,4,6,241.0,251.0,249.0
2026-06-26 15:00:00,249,15,4,6,267.0,253.0,216.0
2026-06-26 16:00:00,216,16,4,6,249.0,235.0,238.0
2026-06-26 17:00:00,238,17,4,6,216.0,222.0,257.0
2026-06-26 18:00:00,257,18,4,6,238.0,235.0,219.0
2026-06-26 19:00:00,219,19,4,6,257.0,225.0,244.0
2026-06-26 20:00:00,244,20,4,6,219.0,217.0,227.0
2026-06-26 21:00:00,227,21,4,6,244.0,215.0,197.0
2026-06-26 22:00:00,197,22,4,6,227.0,203.0,229.0
2026-06-26 23:00:00,229,23,4,6,197.0,199.0,203.0
2026-06-27 00:00:00,203,0,5,6,229.0,138.0,166.0
2026-06-27 01:00:00,166,1,5,6,203.0,151.0,131.0
2026-06-27 02:00:00,131,2,5,6,166.0,113.0,113.0
2026-06-27 03:00:00,113,3,5,6,131.0,101.0,122.0
2026-06-27 04:00:00,122,4,5,6,113.0,102.0,130.0
2026-06-27 05:00:00,130,5,5,6,122.0,90.0,107.0
2026-06-27 06:00:00,107,6,5,6,130.0,98.0,152.0
2026-06-27 07:00:00,152,7,5,6,107.0,114.0,146.0
2026-06-27 08:00:00,146,8,5,6,152.0,167.0,185.0
2026-06-27 09:00:00,185,9,5,6,146.0,222.0,188.0
2026-06-27 10:00:00,188,10,5,6,185.0,193.0,209.0
2026-06-27 11:00:00,209,11,5,6,188.0,221.0,191.0
2026-06-27 12:00:00,191,12,5,6,209.0,238.0,214.0
2026-06-27 13:00:00,214,13,5,6,191.0,241.0,207.0
2026-06-27 14:00:00,207,14,5,6,214.0,267.0,210.0
2026-06-27 15:00:00,210,15,5,6,207.0,249.0,222.0
2026-06-27 16:00:00,222,16,5,6,210.0,216.0,197.0
2026-06-27 17:00:00,197,17,5,6,222.0,238.0,225.0
2026-06-27 18:00:00,225,18,5,6,197.0,257.0,220.0
2026-06-27 19:00:00,220,19,5,6,225.0,219.0,193.0
2026-06-27 20:00:00,193,20,5,6,220.0,244.0,211.0
2026-06-27 21:00:00,211,21,5,6,193.0,227.0,212.0
2026-06-27 22:00:00,212,22,5,6,211.0,197.0,182.0
2026-06-27 23:00:00,182,23,5,6,212.0,229.0,222.0
2026-06-28 00:00:00,222,0,6,6,182.0,203.0,187.0
2026-06-28 01:00:00,187,1,6,6,222.0,166.0,151.0
2026-06-28 02:00:00,151,2,6,6,187.0,131.0,149.0
2026-06-28 03:00:00,149,3,6,6,151.0,113.0,144.0
2026-06-28 04:00:00,144,4,6,6,149.0,122.0,95.0
2026-06-28 05:00:00,95,5,6,6,144.0,130.0,98.0
2026-06-28 06:00:00,98,6,6,6,95.0,107.0,135.0
2026-06-28 07:00:00,135,7,6,6,98.0,152.0,140.0
2026-06-28 08:00:00,140,8,6,6,135.0,146.0,124.0
2026-06-28 09:00:00,124,9,6,6,140.0,185.0,146.0
2026-06-28 10:00:00,146,10,6,6,124.0,188.0,213.0
2026-06-28 11:00:00,213,11,6,6,146.0,209.0,224.0
2026-06-28 12:00:00,224,12,6,6,213.0,191.0,234.0
2026-06-28 13:00:00,234,13,6,6,224.0,214.0,204.0
2026-06-28 14:00:00,204,14,6,6,234.0,207.0,203.0
2026-06-28 15:00:00,203,15,6,6,204.0,210.0,232.0
2026-06-28 16:00:00,232,16,6,6,203.0,222.0,236.0
2026-06-28 17:00:00,236,17,6,6,232.0,197.0,243.0
2026-06-28 18:00:00,243,18,6,6,236.0,225.0,232.0
2026-06-28 19:00:00,232,19,6,6,243.0,220.0,220.0
2026-06-28 20:00:00,220,20,6,6,232.0,193.0,248.0
2026-06-28 21:00:00,248,21,6,6,220.0,211.0,239.0
2026-06-28 22:00:00,239,22,6,6,248.0,212.0,172.0
2026-06-28 23:00:00,172,23,6,6,239.0,182.0,155.0
2026-06-29 00:00:00,155,0,0,6,172.0,222.0,132.0
2026-06-29 01:00:00,132,1,0,6,155.0,187.0,131.0
2026-06-29 02:00:00,131,2,0,6,132.0,151.0,124.0
2026-06-29 03:00:00,124,3,0,6,131.0,149.0,128.0
2026-06-29 04:00:00,128,4,0,6,124.0,144.0,104.0
2026-06-29 05:00:00,104,5,0,6,128.0,95.0,112.0
2026-06-29 06:00:00,112,6,0,6,104.0,98.0,145.0
2026-06-29 07:00:00,145,7,0,6,112.0,135.0,165.0
2026-06-29 08:00:00,165,8,0,6,145.0,140.0,212.0
2026-06-29 09:00:00,212,9,0,6,165.0,124.0,257.0
2026-06-29 10:00:00,257,10,0,6,212.0,146.0,253.0
2026-06-29 11:00:00,253,11,0,6,257.0,213.0,245.0
2026-06-29 12:00:00,245,12,0,6,253.0,224.0,231.0
2026-06-29 13:00:00,231,13,0,6,245.0,234.0,259.0
2026-06-29 14:00:00,259,14,0,6,231.0,204.0,246.0
2026-06-29 15:00:00,246,15,0,6,259.0,203.0,250.0
2026-06-29 16:00:00,250,16,0,6,246.0,232.0,231.0
2026-06-29 17:00:00,231,17,0,6,250.0,236.0,250.0
2026-06-29 18:00:00,250,18,0,6,231.0,243.0,238.0
2026-06-29 19:00:00,238,19,0,6,250.0,232.0,218.0
2026-06-29 20:00:00,218,20,0,6,238.0,220.0,217.0
2026-06-29 21:00:00,217,21,0,6,218.0,248.0,176.0
2026-06-29 22:00:00,176,22,0,6,217.0,239.0,156.0
2026-06-29 23:00:00,156,23,0,6,176.0,172.0,152.0
2026-06-30 00:00:00,152,0,1,6,156.0,155.0,139.0
2026-06-30 01:00:00,139,1,1,6,152.0,132.0,99.0
2026-06-30 02:00:00,99,2,1,6,139.0,131.0,81.0
2026-06-30 03:00:00,81,3,1,6,99.0,124.0,92.0
2026-06-30 04:00:00,92,4,1,6,81.0,128.0,84.0
2026-06-30 05:00:00,84,5,1,6,92.0,104.0,113.0
2026-06-30 06:00:00,113,6,1,6,84.0,112.0,111.0
2026-06-30 07:00:00,111,7,1,6,113.0,145.0,146.0
2026-06-30 08:00:00,146,8,1,6,111.0,165.0,193.0
2026-06-30 09:00:00,193,9,1,6,146.0,212.0,268.0
2026-06-30 10:00:00,268,10,1,6,193.0,257.0,224.0
2026-06-30 11:00:00,224,11,1,6,268.0,253.0,261.0
2026-06-30 12:00:00,261,12,1,6,224.0,245.0,245.0
2026-06-30 13:00:00,245,13,1,6,261.0,231.0,212.0
2026-06-30 14:00:00,212,14,1,6,245.0,259.0,231.0
2026-06-30 15:00:00,231,15,1,6,212.0,246.0,261.0
2026-06-30 16:00:00,261,16,1,6,231.0,250.0,245.0
2026-06-30 17:00:00,245,17,1,6,261.0,231.0,233.0
2026-06-30 18:00:00,233,18,1,6,245.0,250.0,234.0
2026-06-30 19:00:00,234,19,1,6,233.0,238.0,234.0
2026-06-30 20:00:00,234,20,1,6,234.0,218.0,229.0
2026-06-30 21:00:00,229,21,1,6,234.0,217.0,185.0
2026-06-30 22:00:00,185,22,1,6,229.0,176.0,178.0
