incident_datetime,emergency_count,hour,day_of_week,month,previous_hour_demand,previous_24h_demand,target_next_hour,temperature_2m,relative_humidity_2m,precipitation,rain,wind_speed_10m,predicted_demand,hotspot
2026-06-20 19:00:00,233,19,5,6,238.0,101.0,244.0,27.4,27,0.0,0.0,18.8,225.02666666666667,HIGH
2026-06-20 20:00:00,244,20,5,6,233.0,263.0,240.0,26.2,33,0.0,0.0,15.1,233.78666666666666,HIGH
2026-06-20 21:00:00,240,21,5,6,244.0,238.0,220.0,25.4,36,0.0,0.0,12.7,219.08666666666667,HIGH
2026-06-20 22:00:00,220,22,5,6,240.0,214.0,221.0,24.7,39,0.0,0.0,9.7,215.70666666666668,HIGH
2026-06-20 23:00:00,221,23,5,6,220.0,192.0,194.0,23.7,45,0.0,0.0,9.6,195.47333333333333,HIGH
2026-06-21 00:00:00,194,0,6,6,221.0,209.0,179.0,22.8,48,0.0,0.0,8.7,178.76,HIGH
2026-06-21 01:00:00,179,1,6,6,194.0,161.0,164.0,22.0,50,0.0,0.0,7.3,157.72,HIGH
2026-06-21 02:00:00,164,2,6,6,179.0,162.0,138.0,20.8,55,0.0,0.0,3.1,142.18,HIGH
2026-06-21 03:00:00,138,3,6,6,164.0,136.0,110.0,20.4,57,0.0,0.0,2.9,111.54666666666667,HIGH
2026-06-21 04:00:00,110,4,6,6,138.0,138.0,104.0,19.8,60,0.0,0.0,3.1,108.86,HIGH
2026-06-21 05:00:00,104,5,6,6,110.0,126.0,124.0,19.1,64,0.0,0.0,3.4,118.11333333333333,HIGH
2026-06-21 06:00:00,124,6,6,6,104.0,97.0,111.0,18.9,66,0.0,0.0,3.4,119.1,HIGH
2026-06-21 07:00:00,111,7,6,6,124.0,103.0,134.0,20.0,61,0.0,0.0,3.3,138.97333333333333,HIGH
2026-06-21 08:00:00,134,8,6,6,111.0,129.0,167.0,22.4,50,0.0,0.0,1.7,170.92,HIGH
2026-06-21 09:00:00,167,9,6,6,134.0,165.0,187.0,24.3,37,0.0,0.0,3.2,183.81333333333333,HIGH
2026-06-21 10:00:00,187,10,6,6,167.0,198.0,179.0,25.5,35,0.0,0.0,4.5,189.58,HIGH
2026-06-21 11:00:00,179,11,6,6,187.0,191.0,211.0,26.5,33,0.0,0.0,7.9,213.30666666666667,HIGH
2026-06-21 12:00:00,211,12,6,6,179.0,211.0,204.0,27.5,32,0.0,0.0,9.6,206.58,HIGH
2026-06-21 13:00:00,204,13,6,6,211.0,221.0,203.0,28.4,30,0.0,0.0,8.6,215.96,HIGH
2026-06-21 14:00:00,203,14,6,6,204.0,204.0,208.0,28.9,29,0.0,0.0,7.4,213.16,HIGH
2026-06-21 15:00:00,208,15,6,6,203.0,234.0,223.0,29.3,27,0.0,0.0,9.3,224.84666666666666,HIGH
2026-06-21 16:00:00,223,16,6,6,208.0,223.0,217.0,29.0,27,0.0,0.0,9.8,220.65333333333334,HIGH
2026-06-21 17:00:00,217,17,6,6,223.0,207.0,261.0,28.9,28,0.0,0.0,9.2,246.50666666666666,HIGH
2026-06-21 18:00:00,261,18,6,6,217.0,238.0,212.0,28.6,27,0.0,0.0,7.3,221.55333333333334,HIGH
2026-06-21 19:00:00,212,19,6,6,261.0,233.0,255.0,28.0,28,0.0,0.0,4.8,245.91333333333333,HIGH
2026-06-21 20:00:00,255,20,6,6,212.0,244.0,253.0,27.4,33,0.0,0.0,1.7,241.05333333333334,HIGH
2026-06-21 21:00:00,253,21,6,6,255.0,240.0,216.0,26.3,38,0.0,0.0,1.7,214.5,HIGH
2026-06-21 22:00:00,216,22,6,6,253.0,220.0,169.0,25.7,41,0.0,0.0,1.5,182.34,HIGH
2026-06-21 23:00:00,169,23,6,6,216.0,221.0,150.0,25.4,40,0.0,0.0,2.1,169.60666666666665,HIGH
2026-06-22 00:00:00,150,0,0,6,169.0,194.0,160.0,25.0,39,0.0,0.0,3.2,149.84666666666666,HIGH
2026-06-22 01:00:00,160,1,0,6,150.0,179.0,133.0,24.4,42,0.0,0.0,4.3,126.98666666666666,HIGH
2026-06-22 02:00:00,133,2,0,6,160.0,164.0,97.0,23.0,51,0.0,0.0,3.2,105.6,HIGH
2026-06-22 03:00:00,97,3,0,6,133.0,138.0,92.0,22.2,56,0.0,0.0,4.6,100.20666666666666,HIGH
2026-06-22 04:00:00,92,4,0,6,97.0,110.0,98.0,21.6,64,0.0,0.0,1.9,100.82666666666667,HIGH
2026-06-22 05:00:00,98,5,0,6,92.0,104.0,94.0,21.3,67,0.0,0.0,0.8,98.8,HIGH
2026-06-22 06:00:00,94,6,0,6,98.0,124.0,156.0,21.3,65,0.0,0.0,4.0,150.14666666666668,HIGH
2026-06-22 07:00:00,156,7,0,6,94.0,111.0,177.0,21.9,63,0.0,0.0,4.7,167.42,HIGH
2026-06-22 08:00:00,177,8,0,6,156.0,134.0,202.0,22.9,59,0.0,0.0,6.8,200.50666666666666,HIGH
2026-06-22 09:00:00,202,9,0,6,177.0,167.0,206.0,23.6,55,0.0,0.0,5.8,202.76666666666668,HIGH
2026-06-22 10:00:00,206,10,0,6,202.0,187.0,244.0,24.6,51,0.0,0.0,6.6,238.31333333333333,HIGH
2026-06-22 11:00:00,244,11,0,6,206.0,179.0,246.0,24.5,52,0.0,0.0,9.0,236.74,HIGH
2026-06-22 12:00:00,246,12,0,6,244.0,211.0,231.0,24.7,54,0.0,0.0,13.7,233.69333333333333,HIGH
2026-06-22 13:00:00,231,13,0,6,246.0,204.0,222.0,24.7,57,0.2,0.2,14.8,225.43333333333334,HIGH
2026-06-22 14:00:00,222,14,0,6,231.0,203.0,237.0,21.4,77,0.2,0.2,16.2,232.62666666666667,HIGH
2026-06-22 15:00:00,237,15,0,6,222.0,208.0,255.0,21.9,78,1.7,1.7,14.1,239.62666666666667,HIGH
2026-06-22 16:00:00,255,16,0,6,237.0,223.0,227.0,21.3,88,2.0,2.0,11.7,223.5,HIGH
2026-06-22 17:00:00,227,17,0,6,255.0,217.0,207.0,21.5,93,1.0,1.0,8.9,209.09333333333333,HIGH
2026-06-22 18:00:00,207,18,0,6,227.0,261.0,221.0,22.7,91,0.0,0.0,6.9,217.28,HIGH
2026-06-22 19:00:00,221,19,0,6,207.0,212.0,187.0,23.3,92,0.8,0.8,2.0,190.43333333333334,HIGH
2026-06-22 20:00:00,187,20,0,6,221.0,255.0,182.0,21.7,91,0.6,0.6,7.2,192.2,HIGH
2026-06-22 21:00:00,182,21,0,6,187.0,253.0,145.0,21.6,96,0.9,0.9,9.9,164.65333333333334,HIGH
2026-06-22 22:00:00,145,22,0,6,182.0,216.0,167.0,22.0,95,0.0,0.0,11.4,169.45333333333335,HIGH
2026-06-22 23:00:00,167,23,0,6,145.0,169.0,160.0,22.0,94,0.0,0.0,10.0,163.39333333333335,HIGH
2026-06-23 00:00:00,160,0,1,6,167.0,150.0,106.0,21.9,94,0.0,0.0,11.2,109.24,HIGH
2026-06-23 01:00:00,106,1,1,6,160.0,160.0,90.0,20.9,95,3.1,3.1,7.0,98.40666666666667,HIGH
2026-06-23 02:00:00,90,2,1,6,106.0,133.0,103.0,21.0,97,12.8,12.8,10.3,98.9,HIGH
2026-06-23 03:00:00,103,3,1,6,90.0,97.0,77.0,21.0,97,0.8,0.8,5.2,84.38,HIGH
2026-06-23 04:00:00,77,4,1,6,103.0,92.0,90.0,21.0,98,0.6,0.6,7.3,90.8,HIGH
2026-06-23 05:00:00,90,5,1,6,77.0,98.0,110.0,21.2,98,0.0,0.0,2.7,105.83333333333333,HIGH
2026-06-23 06:00:00,110,6,1,6,90.0,94.0,123.0,21.6,96,0.0,0.0,5.7,126.66666666666667,HIGH
2026-06-23 07:00:00,123,7,1,6,110.0,156.0,173.0,21.8,96,0.0,0.0,5.4,171.31333333333333,HIGH
2026-06-23 08:00:00,173,8,1,6,123.0,177.0,232.0,21.8,95,0.0,0.0,6.7,210.77333333333334,HIGH
2026-06-23 09:00:00,232,9,1,6,173.0,202.0,211.0,21.6,90,0.2,0.2,10.3,210.1,HIGH
2026-06-23 10:00:00,211,10,1,6,232.0,206.0,241.0,21.2,89,0.4,0.4,7.8,228.15333333333334,HIGH
2026-06-23 11:00:00,241,11,1,6,211.0,244.0,216.0,21.7,84,0.2,0.2,11.1,218.86,HIGH
2026-06-23 12:00:00,216,12,1,6,241.0,246.0,232.0,21.6,81,0.3,0.3,9.9,230.15333333333334,HIGH
2026-06-23 13:00:00,232,13,1,6,216.0,231.0,210.0,21.5,79,0.3,0.3,10.1,220.72,HIGH
2026-06-23 14:00:00,210,14,1,6,232.0,222.0,220.0,20.7,83,0.2,0.2,10.3,222.00666666666666,HIGH
2026-06-23 15:00:00,220,15,1,6,210.0,237.0,239.0,21.1,82,0.4,0.4,7.9,233.81333333333333,HIGH
2026-06-23 16:00:00,239,16,1,6,220.0,255.0,241.0,21.4,81,0.1,0.1,10.9,233.25333333333333,HIGH
2026-06-23 17:00:00,241,17,1,6,239.0,227.0,221.0,21.0,82,0.5,0.5,8.5,224.49333333333334,HIGH
2026-06-23 18:00:00,221,18,1,6,241.0,207.0,199.0,20.4,89,1.1,1.1,8.0,205.18,HIGH
2026-06-23 19:00:00,199,19,1,6,221.0,221.0,190.0,20.2,91,0.3,0.3,8.8,196.09333333333333,HIGH
2026-06-23 20:00:00,190,20,1,6,199.0,187.0,189.0,20.9,86,0.0,0.0,0.3,191.94,HIGH
2026-06-23 21:00:00,189,21,1,6,190.0,182.0,187.0,20.4,87,0.0,0.0,2.8,185.14666666666668,HIGH
2026-06-23 22:00:00,187,22,1,6,189.0,145.0,166.0,20.1,89,0.0,0.0,3.9,166.1,HIGH
2026-06-23 23:00:00,166,23,1,6,187.0,167.0,158.0,20.1,89,0.0,0.0,5.5,161.86,HIGH
2026-06-24 00:00:00,158,0,2,6,166.0,160.0,106.0,19.7,82,0.0,0.0,12.6,108.98666666666666,HIGH
2026-06-24 01:00:00,106,1,2,6,158.0,106.0,102.0,19.0,77,0.0,0.0,15.1,100.14666666666666,HIGH
2026-06-24 02:00:00,102,2,2,6,106.0,90.0,83.0,18.6,78,0.0,0.0,13.0,86.32,HIGH
2026-06-24 03:00:00,83,3,2,6,102.0,103.0,76.0,18.4,78,0.0,0.0,11.9,83.39333333333333,HIGH
2026-06-24 04:00:00,76,4,2,6,83.0,77.0,85.0,18.3,77,0.0,0.0,11.6,87.36,HIGH
2026-06-24 05:00:00,85,5,2,6,76.0,90.0,101.0,18.2,76,0.0,0.0,11.5,96.24,HIGH
2026-06-24 06:00:00,101,6,2,6,85.0,110.0,155.0,17.8,75,0.0,0.0,11.0,145.42666666666668,HIGH
2026-06-24 07:00:00,155,7,2,6,101.0,123.0,146.0,18.5,73,0.0,0.0,9.3,154.84,HIGH
2026-06-24 08:00:00,146,8,2,6,155.0,173.0,212.0,20.1,68,0.0,0.0,8.5,207.72,HIGH
2026-06-24 09:00:00,212,9,2,6,146.0,232.0,242.0,22.1,60,0.0,0.0,8.0,230.02,HIGH
2026-06-24 10:00:00,242,10,2,6,212.0,211.0,242.0,23.9,52,0.0,0.0,8.9,238.30666666666667,HIGH
2026-06-24 11:00:00,242,11,2,6,242.0,241.0,253.0,25.0,43,0.0,0.0,11.1,248.91333333333333,HIGH
2026-06-24 12:00:00,253,12,2,6,242.0,216.0,258.0,25.6,39,0.0,0.0,10.9,250.44,HIGH
2026-06-24 13:00:00,258,13,2,6,253.0,232.0,238.0,26.2,38,0.0,0.0,10.6,239.02666666666667,HIGH
2026-06-24 14:00:00,238,14,2,6,258.0,210.0,225.0,27.1,36,0.0,0.0,11.2,231.4,HIGH
2026-06-24 15:00:00,225,15,2,6,238.0,220.0,242.0,27.7,34,0.0,0.0,12.5,241.02,HIGH
2026-06-24 16:00:00,242,16,2,6,225.0,239.0,235.0,27.8,33,0.0,0.0,11.6,238.04666666666665,HIGH
2026-06-24 17:00:00,235,17,2,6,242.0,241.0,281.0,28.1,32,0.0,0.0,11.8,263.12,HIGH
2026-06-24 18:00:00,281,18,2,6,235.0,221.0,223.0,28.0,32,0.0,0.0,11.5,230.6,HIGH
2026-06-24 19:00:00,223,19,2,6,281.0,199.0,210.0,27.0,37,0.0,0.0,6.6,220.35333333333332,HIGH
2026-06-24 20:00:00,210,20,2,6,223.0,190.0,223.0,25.2,42,0.0,0.0,6.2,222.44,HIGH
2026-06-24 21:00:00,223,21,2,6,210.0,189.0,214.0,24.0,50,0.0,0.0,3.9,210.60666666666665,HIGH
2026-06-24 22:00:00,214,22,2,6,223.0,187.0,177.0,23.1,54,0.0,0.0,4.3,185.94,HIGH
2026-06-24 23:00:00,177,23,2,6,214.0,166.0,163.0,22.0,61,0.0,0.0,4.8,167.67333333333335,HIGH
2026-06-25 00:00:00,163,0,3,6,177.0,158.0,137.0,21.1,65,0.0,0.0,4.2,140.00666666666666,HIGH
2026-06-25 01:00:00,137,1,3,6,163.0,106.0,128.0,20.2,68,0.0,0.0,5.0,119.82666666666667,HIGH
2026-06-25 02:00:00,128,2,3,6,137.0,102.0,112.0,18.9,75,0.0,0.0,3.8,110.41333333333333,HIGH
2026-06-25 03:00:00,112,3,3,6,128.0,83.0,101.0,18.6,75,0.0,0.0,3.6,101.49333333333334,HIGH
2026-06-25 04:00:00,101,4,3,6,112.0,76.0,93.0,18.1,80,0.0,0.0,1.2,97.94666666666667,HIGH
2026-06-25 05:00:00,93,5,3,6,101.0,85.0,106.0,17.7,84,0.0,0.0,0.7,104.72,HIGH
2026-06-25 06:00:00,106,6,3,6,93.0,101.0,133.0,17.7,87,0.0,0.0,2.5,134.41333333333333,HIGH
2026-06-25 07:00:00,133,7,3,6,106.0,155.0,190.0,19.0,78,0.0,0.0,3.3,179.04,HIGH
2026-06-25 08:00:00,190,8,3,6,133.0,146.0,202.0,20.5,68,0.0,0.0,2.7,190.73333333333332,HIGH
2026-06-25 09:00:00,202,9,3,6,190.0,212.0,241.0,23.5,55,0.0,0.0,2.2,224.80666666666667,HIGH
2026-06-25 10:00:00,241,10,3,6,202.0,242.0,225.0,25.9,45,0.0,0.0,4.8,226.7,HIGH
2026-06-25 11:00:00,225,11,3,6,241.0,242.0,256.0,27.4,40,0.0,0.0,7.9,252.42,HIGH
2026-06-25 12:00:00,256,12,3,6,225.0,253.0,223.0,28.3,37,0.0,0.0,10.3,232.37333333333333,HIGH
2026-06-25 13:00:00,223,13,3,6,256.0,258.0,251.0,29.0,34,0.0,0.0,9.9,244.3,HIGH
2026-06-25 14:00:00,251,14,3,6,223.0,238.0,253.0,29.0,36,0.1,0.1,12.9,246.00666666666666,HIGH
2026-06-25 15:00:00,253,15,3,6,251.0,225.0,235.0,28.5,37,0.0,0.0,15.3,234.36,HIGH
2026-06-25 16:00:00,235,16,3,6,253.0,242.0,222.0,28.1,39,0.0,0.0,16.7,228.26666666666668,HIGH
2026-06-25 17:00:00,222,17,3,6,235.0,235.0,235.0,27.8,38,0.0,0.0,17.6,233.85333333333332,HIGH
2026-06-25 18:00:00,235,18,3,6,222.0,281.0,225.0,26.6,43,0.0,0.0,16.0,227.45333333333335,HIGH
2026-06-25 19:00:00,225,19,3,6,235.0,223.0,217.0,25.0,50,0.0,0.0,16.9,220.50666666666666,HIGH
2026-06-25 20:00:00,217,20,3,6,225.0,210.0,215.0,24.5,56,0.0,0.0,15.3,219.37333333333333,HIGH
2026-06-25 21:00:00,215,21,3,6,217.0,223.0,203.0,23.6,62,0.0,0.0,13.3,205.03333333333333,HIGH
2026-06-25 22:00:00,203,22,3,6,215.0,214.0,199.0,23.1,66,0.0,0.0,11.3,195.99333333333334,HIGH
2026-06-25 23:00:00,199,23,3,6,203.0,177.0,138.0,22.8,68,0.0,0.0,12.3,159.9,HIGH
2026-06-26 00:00:00,138,0,4,6,199.0,163.0,151.0,22.6,68,0.0,0.0,11.7,149.74,HIGH
2026-06-26 01:00:00,151,1,4,6,138.0,137.0,113.0,22.4,67,0.0,0.0,9.4,111.22,HIGH
2026-06-26 02:00:00,113,2,4,6,151.0,128.0,101.0,22.3,70,0.3,0.3,7.5,103.86,HIGH
2026-06-26 03:00:00,101,3,4,6,113.0,112.0,102.0,20.8,83,1.7,1.7,9.2,101.91333333333333,HIGH
2026-06-26 04:00:00,102,4,4,6,101.0,101.0,90.0,19.9,89,1.6,1.6,11.6,92.14666666666666,HIGH
2026-06-26 05:00:00,90,5,4,6,102.0,93.0,98.0,19.3,92,1.7,1.7,11.3,97.42,HIGH
2026-06-26 06:00:00,98,6,4,6,90.0,106.0,114.0,19.4,92,0.9,0.9,10.8,123.72,HIGH
2026-06-26 07:00:00,114,7,4,6,98.0,133.0,167.0,20.5,88,0.0,0.0,8.1,163.91333333333333,HIGH
2026-06-26 08:00:00,167,8,4,6,114.0,190.0,222.0,20.9,88,0.1,0.1,6.3,213.32666666666665,HIGH
2026-06-26 09:00:00,222,9,4,6,167.0,202.0,193.0,21.2,85,0.0,0.0,5.2,197.44,HIGH
2026-06-26 10:00:00,193,10,4,6,222.0,241.0,221.0,22.5,81,0.3,0.3,4.1,221.06,HIGH
2026-06-26 11:00:00,221,11,4,6,193.0,225.0,238.0,24.4,73,0.0,0.0,8.6,233.59333333333333,HIGH
2026-06-26 12:00:00,238,12,4,6,221.0,256.0,241.0,25.9,68,0.0,0.0,8.8,239.72,HIGH
2026-06-26 13:00:00,241,13,4,6,238.0,223.0,267.0,27.0,64,0.1,0.1,6.5,251.74,HIGH
2026-06-26 14:00:00,267,14,4,6,241.0,251.0,249.0,26.7,64,0.1,0.1,7.1,245.32666666666665,HIGH
2026-06-26 15:00:00,249,15,4,6,267.0,253.0,216.0,27.3,61,0.2,0.2,11.4,224.25333333333333,HIGH
2026-06-26 16:00:00,216,16,4,6,249.0,235.0,238.0,28.1,56,0.1,0.1,10.4,239.02666666666667,HIGH
2026-06-26 17:00:00,238,17,4,6,216.0,222.0,257.0,28.2,54,0.0,0.0,8.5,244.59333333333333,HIGH
2026-06-26 18:00:00,257,18,4,6,238.0,235.0,219.0,27.4,57,0.0,0.0,6.3,225.20666666666668,HIGH
2026-06-26 19:00:00,219,19,4,6,257.0,225.0,244.0,25.9,74,0.0,0.0,6.7,235.00666666666666,HIGH
2026-06-26 20:00:00,244,20,4,6,219.0,217.0,227.0,25.2,81,0.0,0.0,5.9,220.67333333333335,HIGH
2026-06-26 21:00:00,227,21,4,6,244.0,215.0,197.0,24.9,77,0.0,0.0,6.9,208.49333333333334,HIGH
2026-06-26 22:00:00,197,22,4,6,227.0,203.0,229.0,24.6,71,0.0,0.0,7.0,219.49333333333334,HIGH
2026-06-26 23:00:00,229,23,4,6,197.0,199.0,203.0,23.8,74,0.0,0.0,6.1,196.17333333333335,HIGH
2026-06-27 00:00:00,203,0,5,6,229.0,138.0,166.0,23.7,75,0.0,0.0,4.4,154.23333333333332,HIGH
2026-06-27 01:00:00,166,1,5,6,203.0,151.0,131.0,23.5,76,0.0,0.0,6.1,141.24,HIGH
2026-06-27 02:00:00,131,2,5,6,166.0,113.0,113.0,23.0,83,0.0,0.0,3.5,117.71333333333334,HIGH
2026-06-27 03:00:00,113,3,5,6,131.0,101.0,122.0,23.0,83,0.0,0.0,3.8,118.80666666666667,HIGH
2026-06-27 04:00:00,122,4,5,6,113.0,102.0,130.0,22.6,85,0.0,0.0,2.2,121.12666666666667,HIGH
2026-06-27 05:00:00,130,5,5,6,122.0,90.0,107.0,22.5,85,0.0,0.0,4.2,110.40666666666667,HIGH
2026-06-27 06:00:00,107,6,5,6,130.0,98.0,152.0,22.0,87,0.0,0.0,3.1,142.84666666666666,HIGH
2026-06-27 07:00:00,152,7,5,6,107.0,114.0,146.0,22.6,84,0.0,0.0,1.8,151.82666666666665,HIGH
2026-06-27 08:00:00,146,8,5,6,152.0,167.0,185.0,23.4,80,0.0,0.0,4.1,181.61333333333334,HIGH
2026-06-27 09:00:00,185,9,5,6,146.0,222.0,188.0,25.0,71,0.0,0.0,2.5,194.38666666666666,HIGH
2026-06-27 10:00:00,188,10,5,6,185.0,193.0,209.0,25.9,65,0.0,0.0,3.6,207.22,HIGH
2026-06-27 11:00:00,209,11,5,6,188.0,221.0,191.0,26.2,61,0.0,0.0,3.0,198.02,HIGH
2026-06-27 12:00:00,191,12,5,6,209.0,238.0,214.0,25.6,63,0.1,0.1,2.2,217.61333333333334,HIGH
2026-06-27 13:00:00,214,13,5,6,191.0,241.0,207.0,24.1,74,1.7,1.7,2.9,211.85333333333332,HIGH
2026-06-27 14:00:00,207,14,5,6,214.0,267.0,210.0,21.9,86,2.1,2.1,7.2,213.33333333333334,HIGH
2026-06-27 15:00:00,210,15,5,6,207.0,249.0,222.0,22.7,81,2.2,2.2,3.8,219.73333333333332,HIGH
2026-06-27 16:00:00,222,16,5,6,210.0,216.0,197.0,22.3,85,2.6,2.6,4.0,202.66,HIGH
2026-06-27 17:00:00,197,17,5,6,222.0,238.0,225.0,22.6,86,2.6,2.6,2.5,219.04666666666665,HIGH
2026-06-27 18:00:00,225,18,5,6,197.0,257.0,220.0,23.0,82,0.5,0.5,3.6,219.21333333333334,HIGH
2026-06-27 19:00:00,220,19,5,6,225.0,219.0,193.0,22.5,84,0.3,0.3,5.4,199.95333333333335,HIGH
2026-06-27 20:00:00,193,20,5,6,220.0,244.0,211.0,22.5,81,0.1,0.1,2.7,213.47333333333333,HIGH
2026-06-27 21:00:00,211,21,5,6,193.0,227.0,212.0,21.9,85,0.0,0.0,1.6,204.64,HIGH
2026-06-27 22:00:00,212,22,5,6,211.0,197.0,182.0,21.5,87,0.0,0.0,2.4,187.65333333333334,HIGH
2026-06-27 23:00:00,182,23,5,6,212.0,229.0,222.0,21.1,91,0.0,0.0,2.8,204.82666666666665,HIGH
2026-06-28 00:00:00,222,0,6,6,182.0,203.0,187.0,20.8,93,0.0,0.0,2.3,173.22666666666666,HIGH
2026-06-28 01:00:00,187,1,6,6,222.0,166.0,151.0,20.5,94,0.0,0.0,0.7,153.01333333333332,HIGH
2026-06-28 02:00:00,151,2,6,6,187.0,131.0,149.0,20.3,94,0.0,0.0,0.8,146.92,HIGH
2026-06-28 03:00:00,149,3,6,6,151.0,113.0,144.0,20.1,95,0.0,0.0,0.6,129.05333333333334,HIGH
2026-06-28 04:00:00,144,4,6,6,149.0,122.0,95.0,20.2,95,0.0,0.0,0.4,108.14,HIGH
2026-06-28 05:00:00,95,5,6,6,144.0,130.0,98.0,20.2,96,0.0,0.0,1.3,103.82666666666667,HIGH
2026-06-28 06:00:00,98,6,6,6,95.0,107.0,135.0,19.9,98,0.0,0.0,1.7,133.85333333333332,HIGH
2026-06-28 07:00:00,135,7,6,6,98.0,152.0,140.0,20.6,94,0.0,0.0,2.6,148.81333333333333,HIGH
2026-06-28 08:00:00,140,8,6,6,135.0,146.0,124.0,21.9,88,0.0,0.0,2.9,142.51333333333332,HIGH
2026-06-28 09:00:00,124,9,6,6,140.0,185.0,146.0,23.4,78,0.0,0.0,4.8,166.47333333333333,HIGH
2026-06-28 10:00:00,146,10,6,6,124.0,188.0,213.0,24.6,72,0.0,0.0,4.5,203.14,HIGH
2026-06-28 11:00:00,213,11,6,6,146.0,209.0,224.0,25.5,67,0.4,0.4,4.1,212.88,HIGH
2026-06-28 12:00:00,224,12,6,6,213.0,191.0,234.0,26.3,62,0.5,0.5,5.0,227.04,HIGH
2026-06-28 13:00:00,234,13,6,6,224.0,214.0,204.0,26.6,62,0.6,0.6,6.3,211.8,HIGH
2026-06-28 14:00:00,204,14,6,6,234.0,207.0,203.0,27.3,57,0.4,0.4,6.4,214.62666666666667,HIGH
2026-06-28 15:00:00,203,15,6,6,204.0,210.0,232.0,27.2,57,0.3,0.3,6.6,229.24,HIGH
2026-06-28 16:00:00,232,16,6,6,203.0,222.0,236.0,26.8,62,0.3,0.3,8.5,231.97333333333333,HIGH
2026-06-28 17:00:00,236,17,6,6,232.0,197.0,243.0,26.4,64,0.1,0.1,7.7,242.56,HIGH
2026-06-28 18:00:00,243,18,6,6,236.0,225.0,232.0,25.7,65,0.0,0.0,7.8,232.82,HIGH
2026-06-28 19:00:00,232,19,6,6,243.0,220.0,220.0,25.0,66,0.0,0.0,6.3,221.66,HIGH
2026-06-28 20:00:00,220,20,6,6,232.0,193.0,248.0,24.1,66,0.0,0.0,8.3,238.75333333333333,HIGH
2026-06-28 21:00:00,248,21,6,6,220.0,211.0,239.0,23.1,71,0.0,0.0,6.0,225.75333333333333,HIGH
2026-06-28 22:00:00,239,22,6,6,248.0,212.0,172.0,22.3,78,0.0,0.0,4.6,200.76,HIGH
2026-06-28 23:00:00,172,23,6,6,239.0,182.0,155.0,21.8,83,0.0,0.0,4.2,177.98,HIGH
2026-06-29 00:00:00,155,0,0,6,172.0,222.0,132.0,21.3,86,0.0,0.0,3.6,156.9,HIGH
2026-06-29 01:00:00,132,1,0,6,155.0,187.0,131.0,21.0,88,0.0,0.0,1.0,126.27333333333333,HIGH
2026-06-29 02:00:00,131,2,0,6,132.0,151.0,124.0,20.4,89,0.0,0.0,0.7,103.8,HIGH
2026-06-29 03:00:00,124,3,0,6,131.0,149.0,128.0,20.3,89,0.0,0.0,1.2,101.86666666666666,HIGH
2026-06-29 04:00:00,128,4,0,6,124.0,144.0,104.0,19.9,92,0.0,0.0,2.0,102.7,HIGH
2026-06-29 05:00:00,104,5,0,6,128.0,95.0,112.0,19.5,95,0.0,0.0,0.9,101.90666666666667,HIGH
2026-06-29 06:00:00,112,6,0,6,104.0,98.0,145.0,19.4,98,0.0,0.0,0.9,131.78,HIGH
2026-06-29 07:00:00,145,7,0,6,112.0,135.0,165.0,20.9,91,0.0,0.0,0.9,161.78666666666666,HIGH
2026-06-29 08:00:00,165,8,0,6,145.0,140.0,212.0,22.6,78,0.0,0.0,1.3,179.73333333333332,HIGH
2026-06-29 09:00:00,212,9,0,6,165.0,124.0,257.0,24.9,67,0.0,0.0,2.1,189.28666666666666,HIGH
2026-06-29 10:00:00,257,10,0,6,212.0,146.0,253.0,26.7,61,0.0,0.0,2.2,209.56,HIGH
2026-06-29 11:00:00,253,11,0,6,257.0,213.0,245.0,28.3,53,0.0,0.0,2.9,229.90666666666667,HIGH
2026-06-29 12:00:00,245,12,0,6,253.0,224.0,231.0,29.7,45,0.0,0.0,5.0,234.61333333333334,HIGH
2026-06-29 13:00:00,231,13,0,6,245.0,234.0,259.0,30.7,40,0.0,0.0,5.5,236.76,HIGH
2026-06-29 14:00:00,259,14,0,6,231.0,204.0,246.0,31.5,36,0.0,0.0,4.8,229.66666666666666,HIGH
2026-06-29 15:00:00,246,15,0,6,259.0,203.0,250.0,31.6,35,0.0,0.0,2.7,229.50666666666666,HIGH
2026-06-29 16:00:00,250,16,0,6,246.0,232.0,231.0,31.2,36,0.0,0.0,5.2,236.37333333333333,HIGH
2026-06-29 17:00:00,231,17,0,6,250.0,236.0,250.0,30.6,39,0.0,0.0,8.9,244.03333333333333,HIGH
2026-06-29 18:00:00,250,18,0,6,231.0,243.0,238.0,29.6,42,0.0,0.0,12.4,236.37333333333333,HIGH
2026-06-29 19:00:00,238,19,0,6,250.0,232.0,218.0,28.9,43,0.0,0.0,8.2,236.42,HIGH
2026-06-29 20:00:00,218,20,0,6,238.0,220.0,217.0,27.4,50,0.0,0.0,8.7,231.01333333333332,HIGH
2026-06-29 21:00:00,217,21,0,6,218.0,248.0,176.0,26.1,53,0.0,0.0,9.2,220.25333333333333,HIGH
2026-06-29 22:00:00,176,22,0,6,217.0,239.0,156.0,25.8,51,0.0,0.0,7.2,204.58,HIGH
2026-06-29 23:00:00,156,23,0,6,176.0,172.0,152.0,25.5,52,0.0,0.0,6.9,182.91333333333333,HIGH
2026-06-30 00:00:00,152,0,1,6,156.0,155.0,139.0,25.1,55,0.0,0.0,6.6,109.91333333333333,HIGH
2026-06-30 01:00:00,139,1,1,6,152.0,132.0,99.0,24.7,58,0.0,0.0,5.9,110.32666666666667,HIGH
2026-06-30 02:00:00,99,2,1,6,139.0,131.0,81.0,23.6,65,0.0,0.0,4.6,109.73333333333333,HIGH
2026-06-30 03:00:00,81,3,1,6,99.0,124.0,92.0,23.2,68,0.0,0.0,5.7,102.04,HIGH
2026-06-30 04:00:00,92,4,1,6,81.0,128.0,84.0,22.8,71,0.0,0.0,5.9,104.06666666666666,HIGH
2026-06-30 05:00:00,84,5,1,6,92.0,104.0,113.0,22.3,74,0.0,0.0,5.1,100.16666666666667,HIGH
2026-06-30 06:00:00,113,6,1,6,84.0,112.0,111.0,22.2,75,0.0,0.0,6.1,151.70666666666668,HIGH
2026-06-30 07:00:00,111,7,1,6,113.0,145.0,146.0,23.2,70,0.0,0.0,6.2,171.40666666666667,HIGH
2026-06-30 08:00:00,146,8,1,6,111.0,165.0,193.0,24.7,65,0.0,0.0,6.0,205.18,HIGH
2026-06-30 09:00:00,193,9,1,6,146.0,212.0,268.0,27.1,57,0.0,0.0,7.6,220.28,HIGH
2026-06-30 10:00:00,268,10,1,6,193.0,257.0,224.0,29.1,51,0.0,0.0,8.6,234.23333333333332,HIGH
2026-06-30 11:00:00,224,11,1,6,268.0,253.0,261.0,30.8,45,0.2,0.2,12.8,233.82666666666665,HIGH
2026-06-30 12:00:00,261,12,1,6,224.0,245.0,245.0,31.8,41,0.3,0.3,13.2,239.42,HIGH
2026-06-30 13:00:00,245,13,1,6,261.0,231.0,212.0,33.5,36,0.2,0.2,13.0,235.72666666666666,HIGH
2026-06-30 14:00:00,212,14,1,6,245.0,259.0,231.0,34.0,36,0.2,0.2,13.9,238.62666666666667,HIGH
2026-06-30 15:00:00,231,15,1,6,212.0,246.0,261.0,32.0,42,0.1,0.1,14.4,237.74666666666667,HIGH
2026-06-30 16:00:00,261,16,1,6,231.0,250.0,245.0,32.6,40,0.0,0.0,11.6,239.30666666666667,HIGH
2026-06-30 17:00:00,245,17,1,6,261.0,231.0,233.0,33.3,37,0.0,0.0,12.9,238.43333333333334,HIGH
2026-06-30 18:00:00,233,18,1,6,245.0,250.0,234.0,32.8,37,0.0,0.0,13.9,235.95333333333335,HIGH
2026-06-30 19:00:00,234,19,1,6,233.0,238.0,234.0,32.3,38,0.0,0.0,11.1,234.21333333333334,HIGH
2026-06-30 20:00:00,234,20,1,6,234.0,218.0,229.0,31.4,40,0.0,0.0,11.6,232.36,HIGH
2026-06-30 21:00:00,229,21,1,6,234.0,217.0,185.0,30.2,42,0.0,0.0,10.4,224.26666666666668,HIGH
2026-06-30 22:00:00,185,22,1,6,229.0,176.0,178.0,29.2,41,0.0,0.0,11.0,202.16,HIGH
